MA_ID,data_shared,processed_data_shared,processed_data_shared_location,processed_data_links,processed_data_number_of_links,processed_data_chosen_link,raw_data_shared,raw_data_shared_location,raw_data_links,raw_data_number_of_links,raw_data_chosen_link,code_shared,code_shared_location,code_links,code_number_of_links,code_chosen_link,data_and_code_sharing_comments,observer_disagreement
MA_001,Yes,Yes,Supporting Information Table S1,NA,0,https://doi.org/10.5061/dryad.qv000,No,NA,NA,0,NA,No,NA,NA,0,NA,NA,inferential_statistics; code_shared
MA_001,Yes,Yes,doi.org/10.5061/dryad.qv000,doi.org/10.5061/dryad.qv000,1,https://doi.org/10.5061/dryad.qv000,No,NA,,0,NA,Yes,doi.org/10.5061/dryad.qv000,doi.org/10.5061/dryad.qv000,1,https://doi.org/10.5061/dryad.qv000,NA,inferential_statistics; code_shared
MA_002,Yes,Yes,https://borealisdata.ca/file.xhtml?fileId=84642&version=1.0,https://borealisdata.ca/file.xhtml?fileId=84642&version=1.0,1,https://borealisdata.ca/file.xhtml?fileId=84642&version=1.0,Yes,https://borealisdata.ca/file.xhtml?fileId=84642&version=1.0,https://borealisdata.ca/file.xhtml?fileId=84642&version=1.0,1,https://borealisdata.ca/file.xhtml?fileId=84642&version=1.0,No,NA,,0,NA,NA,processed_data_shared
MA_002,Yes,No,NA,,0,NA,Yes,https://doi.org/10.5683/SP2/RRJTEN,https://doi.org/10.5683/SP2/RRJTEN,1,https://doi.org/10.5683/SP2/RRJTEN,No,NA,,0,NA,Use of transformed mean (Hedges G),processed_data_shared
MA_003,Yes,Yes,https://onlinelibrary.wiley.com/doi/abs/10.1111/geb.12603,https://onlinelibrary.wiley.com/doi/abs/10.1111/geb.12603,1,https://onlinelibrary.wiley.com/doi/abs/10.1111/geb.12603,Yes,https://onlinelibrary.wiley.com/doi/abs/10.1111/geb.12603,https://onlinelibrary.wiley.com/doi/abs/10.1111/geb.12603,1,https://onlinelibrary.wiley.com/doi/abs/10.1111/geb.12603,No,NA,,0,NA,Used r but code not available,NA
MA_004,No,No,NA,,0,NA,No,NA,,0,NA,No,NA,,0,NA,NA,NA
MA_005,Yes,No,NA,,0,NA,Yes,https://datadryad.org/dataset/doi:10.5061/dryad.nc57k7g,https://datadryad.org/dataset/doi:10.5061/dryad.nc57k7g,1,https://datadryad.org/dataset/doi:10.5061/dryad.nc57k7g,No,NA,,0,NA,NA,NA
MA_006,Yes,Yes,Supplementary Table S1; https://www.sciencedirect.com/science/article/pii/S0006320716300623,https://www.sciencedirect.com/science/article/pii/S0006320716300623,1,https://www.sciencedirect.com/science/article/pii/S0006320716300623,Yes,"Supplementary Table S1, S2, S3, S4; https://www.sciencedirect.com/science/article/pii/S0006320716300623",https://www.sciencedirect.com/science/article/pii/S0006320716300623,1,https://www.sciencedirect.com/science/article/pii/S0006320716300623,No,NA,,0,NA,"Authors included reported counts and correct counts, as well as coded moderators and effect size (abundance in logged/total abundance) in supplementary table S1",effect_size_sign_accounted; inferential_statistics; raw_data_shared
MA_006,Yes,Yes,http://dx.doi.org/10.1016/j.biocon.2016.02.020,http://dx.doi.org/10.1016/j.biocon.2016.02.020,1,https://http://dx.doi.org/10.1016/j.biocon.2016.02.020,No,NA,,0,NA,No,NA,,0,NA,"I think they only shared data that has been transformed to the same units: ""In many cases, abundances were reported as corrected for the relative time spent surveying logged versus unlogged tropical forest (e.g., individuals per km2 or number of detec- tions per number of trap nights; see online Supplementary Table S1 for detailed study specific information) To include these data in the meta-analysis, corrected abundances were back-transformed to counts in logged and unlogged forest representative of the total sample size un- derlying that comparison (Eq. (1)). This approach allowed for a meta- analysis at the most primary level of the data possible and could be regarded more as a re-analysis across studies rather than classic meta- analysis (Nakagawa and Cuthill, 2007), in which secondary outputs from individual studies are summarized using effect sizes and their as- sociated sampling variances."" Also the total abundance values used in the formula for effect size are not there.",effect_size_sign_accounted; inferential_statistics; raw_data_shared
MA_007,No,No,NA,,0,NA,No,NA,,0,NA,No,NA,,0,NA,used R,effect_size_sign_accounted; inferential_statistics; processed_data_shared; data_shared
MA_007,Yes,Yes,https://www.int-res.com/abstracts/meps/v575/meps12211 Figure S5,https://www.int-res.com/abstracts/meps/v575/meps12211,1,https://www.int-res.com/abstracts/meps/v575/meps12211,No,NA,,0,NA,No,NA,,0,NA,"Coded that raw data is not provided becouse they sometimes have culculated SE from CI, but CI are not shown anywhere: ""Because many of these studies only reported the CIs of the parameter estimates as error measures, we calculated an approximate normal standard error estimate using the 95% CIs with the following equation: SE = (upper CI − lower CI) / 3.92. "" Also, the processed data is only shown in a figure and not deposited anywhere - I still coded it as yes, as actual numbers are shown and can be extracted from the figure.",effect_size_sign_accounted; inferential_statistics; processed_data_shared; data_shared
MA_008,Yes,No,NA,NA,0,NA,Yes,https://onlinelibrary.wiley.com/doi/10.1111/gcb.13185,https://onlinelibrary.wiley.com/doi/10.1111/gcb.13185,1,https://onlinelibrary.wiley.com/doi/10.1111/gcb.13185,No,NA,NA,0,NA,NA,effect_size_sign_accounted; inferential_statistics; raw_data_shared; data_shared
MA_008,No,No,NA,,0,NA,No,NA,,0,NA,No,NA,,0,NA,They provide basic metadata in the SM,effect_size_sign_accounted; inferential_statistics; raw_data_shared; data_shared
MA_009,No,No,NA,,0,NA,No,NA,,0,NA,No,NA,,0,NA,NA,RoB_assessment
MA_009,No,No,NA,,0,NA,No,NA,,0,NA,No,NA,,0,NA,NA,RoB_assessment
MA_010,Yes,Yes,https://datadryad.org/dataset/doi:10.5061/dryad.4mw6m906t; https://datadryad.org/downloads/file_stream/200270,https://datadryad.org/dataset/doi:10.5061/dryad.4mw6m906t; https://datadryad.org/downloads/file_stream/200270,2,https://datadryad.org/dataset/doi:10.5061/dryad.4mw6m906t,Yes,https://datadryad.org/dataset/doi:10.5061/dryad.4mw6m906t; https://datadryad.org/downloads/file_stream/200270,https://datadryad.org/dataset/doi:10.5061/dryad.4mw6m906t; https://datadryad.org/downloads/file_stream/200270,2,https://datadryad.org/dataset/doi:10.5061/dryad.4mw6m906t,Yes,https://besjournals.onlinelibrary.wiley.com/doi/full/10.1111/1365-2435.13499,https://besjournals.onlinelibrary.wiley.com/doi/full/10.1111/1365-2435.13499,1,https://besjournals.onlinelibrary.wiley.com/doi/full/10.1111/1365-2435.13499,"NOTE: Although authors state in Supplementary Information 1 that code is provided in Supplementary Information 3, #3 is not actually included in the list of supporting information or on DRYAD as far as I can tell.",NA
MA_011,No,No,NA,,0,NA,No,NA,,0,NA,No,NA,,0,NA,NA,effect_size_sign_accounted
MA_011,No,No,NA,,0,NA,No,NA,,0,NA,No,NA,,0,NA,NA,effect_size_sign_accounted
MA_012,No,No,NA,,0,NA,No,NA,,0,NA,No,NA,,0,NA,used R,effect_size_sign_accounted; inferential_statistics; raw_data_shared; data_shared; RoB_assessment
MA_012,Yes,No,NA,NA,0,NA,Yes,https://figshare.com/articles/dataset/Prevalence_of_the_parasite_Loxothylacus_panopaei_on_host_crab_Rhithropanopeus_harrisii_along_the_East_and_Gulf_coasts_of_the_Atlantic_Survey_data/9736532; https://figshare.com/articles/dataset/Prevalence_of_the_parasite_Loxothylacus_panopaei_on_host_crab_Rhithropanopeus_harrisii_along_the_East_and_Gulf_coasts_of_the_Atlantic_Literature_review_data/9750605?file=17467298,https://figshare.com/articles/dataset/Prevalence_of_the_parasite_Loxothylacus_panopaei_on_host_crab_Rhithropanopeus_harrisii_along_the_East_and_Gulf_coasts_of_the_Atlantic_Survey_data/9736532; https://figshare.com/articles/dataset/Prevalence_of_the_parasite_Loxothylacus_panopaei_on_host_crab_Rhithropanopeus_harrisii_along_the_East_and_Gulf_coasts_of_the_Atlantic_Literature_review_data/9750605?file=17467298,2,https://figshare.com/articles/dataset/Prevalence_of_the_parasite_Loxothylacus_panopaei_on_host_crab_Rhithropanopeus_harrisii_along_the_East_and_Gulf_coasts_of_the_Atlantic_Survey_data/9736532,No,NA,NA,0,NA,NA,effect_size_sign_accounted; inferential_statistics; raw_data_shared; data_shared; RoB_assessment
MA_013,Yes,Yes,"supplementary files: ""Appendix A. Supplementary data Supplementary data associated with this article can be found, in the online version, at http://dx.doi.org/10.1016/j.agee.2016.06.028.""",http://dx.doi.org/10.1016/j.agee.2016.06.028,1,https://http://dx.doi.org/10.1016/j.agee.2016.06.028,No,NA,,0,NA,No,NA,,0,NA,NA,effect_size_sign_accounted; processed_data_shared; data_shared
MA_013,No,No,NA,,0,NA,No,NA,,0,NA,No,NA,,0,NA,Authrors only share 'Supplementary data' at http://dx.doi.org/10.1016/j.agee.2016.06.028,effect_size_sign_accounted; processed_data_shared; data_shared
MA_014,Yes,Yes,https://doi.org/10.5061/dryad.1h1f63h,https://doi.org/10.5061/dryad.1h1f63h,1,https://doi.org/10.5061/dryad.1h1f63h,Yes,https://doi.org/10.5061/dryad.1h1f63h,https://doi.org/10.5061/dryad.1h1f63h,1,https://doi.org/10.5061/dryad.1h1f63h,No,NA,,0,NA,NA,effect_size_sign_accounted
MA_014,Yes,Yes,https://doi.org/10.5061/dryad.1h1f63h,https://doi.org/10.5061/dryad.1h1f63h,1,https://doi.org/10.5061/dryad.1h1f63h,Yes,https://doi.org/10.5061/dryad.1h1f63h,https://doi.org/10.5061/dryad.1h1f63h,1,https://doi.org/10.5061/dryad.1h1f63h,No,NA,,0,NA,NA,effect_size_sign_accounted
MA_015,Yes,Yes,https://doi.org/10.5061/dryad.b0bp357,https://doi.org/10.5061/dryad.b0bp357,1,https://doi.org/10.5061/dryad.b0bp357,No,NA,,0,NA,No,NA,,0,NA,NA,effect_size_sign_accounted
MA_015,Yes,Yes,https://datadryad.org/dataset/doi:10.5061/dryad.b0bp357,https://datadryad.org/dataset/doi:10.5061/dryad.b0bp357,1,https://datadryad.org/dataset/doi:10.5061/dryad.b0bp357,No,NA,,0,NA,No,NA,,0,NA,NA,effect_size_sign_accounted
MA_016,Yes,No,NA,,0,NA,Yes,https://onlinelibrary.wiley.com/doi/10.1111/gcb.13424,https://onlinelibrary.wiley.com/doi/10.1111/gcb.13424,1,https://onlinelibrary.wiley.com/doi/10.1111/gcb.13424,No,NA,,0,NA,data as SI; used SPSS,effect_size_sign_accounted; inferential_statistics; processed_data_shared; raw_data_shared
MA_016,Yes,Yes,Table 1 (in the main text),NA,0,https://doi.org/10.1111/gcb.13424,No,NA,NA,0,NA,No,NA,NA,0,NA,NA,effect_size_sign_accounted; inferential_statistics; processed_data_shared; raw_data_shared
MA_017,Yes,Yes,https://www-sciencedirect-com.inee.bib.cnrs.fr/science/article/pii/S0167880916304224?via%3Dihub#sec0090,https://www-sciencedirect-com.inee.bib.cnrs.fr/science/article/pii/S0167880916304224?via%3Dihub#sec0090,1,https://www-sciencedirect-com.inee.bib.cnrs.fr/science/article/pii/S0167880916304224?via%3Dihub#sec0090,Yes,https://www-sciencedirect-com.inee.bib.cnrs.fr/science/article/pii/S0167880916304224?via%3Dihub#sec0090,https://www-sciencedirect-com.inee.bib.cnrs.fr/science/article/pii/S0167880916304224?via%3Dihub#sec0090,1,https://www-sciencedirect-com.inee.bib.cnrs.fr/science/article/pii/S0167880916304224?via%3Dihub#sec0090,No,NA,,0,NA,NA,inferential_statistics
MA_017,Yes,Yes,Supplementary materials: https://ars.els-cdn.com/content/image/1-s2.0-S0167880916304224-mmc2.pdf,https://ars.els-cdn.com/content/image/1-s2.0-S0167880916304224-mmc2.pdf,1,https://ars.els-cdn.com/content/image/1-s2.0-S0167880916304224-mmc2.pdf,Yes,Supplementary materials: https://ars.els-cdn.com/content/image/1-s2.0-S0167880916304224-mmc2.pdf,https://ars.els-cdn.com/content/image/1-s2.0-S0167880916304224-mmc2.pdf,1,https://ars.els-cdn.com/content/image/1-s2.0-S0167880916304224-mmc2.pdf,No,NA,,0,NA,NA,inferential_statistics
MA_018,Yes,No,NA,,0,NA,Yes,https://datadryad.org/dataset/doi:10.5061/dryad.547d7wm4r,https://datadryad.org/dataset/doi:10.5061/dryad.547d7wm4r,1,https://datadryad.org/dataset/doi:10.5061/dryad.547d7wm4r,No,NA,,0,NA,NA,effect_size_sign_accounted
MA_018,Yes,No,NA,,0,NA,Yes,datadryad.org/dataset/doi:10.5061/dryad.547d7wm4r,datadryad.org/dataset/doi:10.5061/dryad.547d7wm4r,1,https://datadryad.org/dataset/doi:10.5061/dryad.547d7wm4r,No,NA,,0,NA,NA,effect_size_sign_accounted
MA_019,Yes,Yes,https://onlinelibrary.wiley.com/doi/abs/10.1111/gcb.13569,https://onlinelibrary.wiley.com/doi/abs/10.1111/gcb.13569,1,https://onlinelibrary.wiley.com/doi/abs/10.1111/gcb.13569,No,NA,,0,NA,No,NA,,0,NA,used propriety software (METAWIN and SPSS),effect_size_sign_accounted
MA_019,Yes,Yes,https://onlinelibrary.wiley.com/action/downloadSupplement?doi=10.1111%2Fgcb.13569&file=gcb13569-sup-0001-TableS1.xlsx,https://onlinelibrary.wiley.com/action/downloadSupplement?doi=10.1111%2Fgcb.13569&file=gcb13569-sup-0001-TableS1.xlsx,1,https://onlinelibrary.wiley.com/action/downloadSupplement?doi=10.1111%2Fgcb.13569&file=gcb13569-sup-0001-TableS1.xlsx,No,NA,,0,NA,No,NA,,0,NA,NA,effect_size_sign_accounted
MA_020,Yes,No,NA,,0,NA,Yes,https://doi.org/10.5061/dryad.6cm5d7f,https://doi.org/10.5061/dryad.6cm5d7f,1,https://doi.org/10.5061/dryad.6cm5d7f,No,NA,,0,NA,NA,inferential_statistics
MA_020,Yes,No,NA,,0,NA,Yes,https://doi.org/10.5061/dryad.6cm5d7f,https://doi.org/10.5061/dryad.6cm5d7f,1,https://doi.org/10.5061/dryad.6cm5d7f,No,NA,,0,NA,"The use R and ""Metaphor"", no code provided.",inferential_statistics
MA_021,Yes,Yes,as supp information: gcb14394-sup-0002-DataS1-S3.xlsx,NA,0,http://doi.org/10.1111/gcb.14394,Yes,as supp information: gcb14394-sup-0002-DataS1-S3.xlsx,NA,0,http://doi.org/10.1111/gcb.14394,No,NA,NA,0,NA,NA,NA
MA_022,No,No,NA,,0,NA,No,NA,,0,NA,No,NA,,0,NA,they provided processes data and code for post hoc analysis but not for the effect size themselves,effect_size_sign_accounted; inferential_statistics; processed_data_shared; raw_data_shared; data_shared; code_shared
MA_022,Yes,Yes,https://doi.org/10.1111/fwb.12918,https://doi.org/10.1111/fwb.12918,1,https://doi.org/10.1111/fwb.12918,Yes,https://doi.org/10.1111/fwb.12918,https://doi.org/10.1111/fwb.12918,1,https://doi.org/10.1111/fwb.12918,Yes,https://doi.org/10.1111/fwb.12918,https://doi.org/10.1111/fwb.12918,1,https://doi.org/10.1111/fwb.12918,Data and code shared in the excel file as different spreadsheet in the supplementary material,effect_size_sign_accounted; inferential_statistics; processed_data_shared; raw_data_shared; data_shared; code_shared
MA_023,No,No,NA,,0,NA,No,NA,,0,NA,No,NA,,0,NA,"In Table 1 of the main text they do share some of the data (only means, no SE or SD values, no moderators) that is why I said NO because one could not repeat the analysis based on what they provide",effect_size_sign_accounted
MA_023,No,No,NA,,0,NA,No,NA,,0,NA,No,NA,,0,NA,"The meta‐analysis was performed using the software metawin 2.1.3.4 (Sinauer Associates, Inc.) (Rosenberg, Adams, & Gurevitch, 1999)",effect_size_sign_accounted
MA_024,No,No,NA,,0,NA,No,NA,,0,NA,No,NA,,0,NA,NA,effect_size_sign_accounted; inferential_statistics; processed_data_shared; data_shared; code_shared
MA_024,Yes,Yes,https://onlinelibrary.wiley.com/action/downloadSupplement?doi=10.1111%2Fgcb.13969&file=gcb13969-sup-0001-SupInfo.docx,https://onlinelibrary.wiley.com/action/downloadSupplement?doi=10.1111%2Fgcb.13969&file=gcb13969-sup-0001-SupInfo.docx,1,https://onlinelibrary.wiley.com/action/downloadSupplement?doi=10.1111%2Fgcb.13969&file=gcb13969-sup-0001-SupInfo.docx,No,NA,,0,NA,Yes,https://onlinelibrary.wiley.com/action/downloadSupplement?doi=10.1111%2Fgcb.13969&file=gcb13969-sup-0001-SupInfo.docx,https://onlinelibrary.wiley.com/action/downloadSupplement?doi=10.1111%2Fgcb.13969&file=gcb13969-sup-0001-SupInfo.docx,1,https://onlinelibrary.wiley.com/action/downloadSupplement?doi=10.1111%2Fgcb.13969&file=gcb13969-sup-0001-SupInfo.docx,NA,effect_size_sign_accounted; inferential_statistics; processed_data_shared; data_shared; code_shared
MA_025,Yes,No,NA,,0,NA,Yes,https://datadryad.org/dataset/doi:10.5061/dryad.085jj60,https://datadryad.org/dataset/doi:10.5061/dryad.085jj60,1,https://datadryad.org/dataset/doi:10.5061/dryad.085jj60,No,NA,,0,NA,NA,NA
MA_026,Yes,No,NA,NA,0,NA,Yes,https://figshare.com/s/3eebaf42e161c0e7e1ef,https://figshare.com/s/3eebaf42e161c0e7e1ef,1,https://figshare.com/s/3eebaf42e161c0e7e1ef,Yes,https://figshare.com/s/a334c7815b128cb63b98,https://figshare.com/s/a334c7815b128cb63b98,1,https://figshare.com/s/a334c7815b128cb63b98,NA,effect_size_sign_accounted
MA_026,Yes,No,NA,,0,NA,Yes,https://figshare.com/s/3eebaf42e161c0e7e1ef?file=13199204,https://figshare.com/s/3eebaf42e161c0e7e1ef?file=13199204,1,https://figshare.com/s/3eebaf42e161c0e7e1ef?file=13199204,Yes,https://figshare.com/s/a334c7815b128cb63b98?file=13199150,https://figshare.com/s/a334c7815b128cb63b98?file=13199150,1,https://figshare.com/s/a334c7815b128cb63b98?file=13199150,The code processes the data to produce the processed odds ratios (effect sizes).,effect_size_sign_accounted
MA_027,Yes,Yes,https://onlinelibrary.wiley.com/doi/10.1111/gcb.14606,https://onlinelibrary.wiley.com/doi/10.1111/gcb.14606,1,https://onlinelibrary.wiley.com/doi/10.1111/gcb.14606,Yes,https://onlinelibrary.wiley.com/doi/10.1111/gcb.14606,https://onlinelibrary.wiley.com/doi/10.1111/gcb.14606,1,https://onlinelibrary.wiley.com/doi/10.1111/gcb.14606,Yes,https://github.com/KatharinaGerstner/LUBDES_MA,https://github.com/KatharinaGerstner/LUBDES_MA,1,https://github.com/KatharinaGerstner/LUBDES_MA,NA,effect_size_sign_accounted; processed_data_shared; code_shared
MA_027,Yes,No,NA,,0,NA,Yes,As supplementary material https://onlinelibrary.wiley.com/action/downloadSupplement?doi=10.1111%2Fgcb.14606&file=gcb14606-sup-0002-Supinfo2.xlsx,https://onlinelibrary.wiley.com/action/downloadSupplement?doi=10.1111%2Fgcb.14606&file=gcb14606-sup-0002-Supinfo2.xlsx,1,https://onlinelibrary.wiley.com/action/downloadSupplement?doi=10.1111%2Fgcb.14606&file=gcb14606-sup-0002-Supinfo2.xlsx,No,NA,,0,NA,NA,effect_size_sign_accounted; processed_data_shared; code_shared
MA_028,Yes,Yes,https://static-content.springer.com/esm/art%3A10.1007%2Fs10980-015-0325-y/MediaObjects/10980_2015_325_MOESM1_ESM.xls https://link.springer.com/article/10.1007/s10980-015-0325-y,https://static-content.springer.com/esm/art%3A10.1007%2Fs10980-015-0325-y/MediaObjects/10980_2015_325_MOESM1_ESM.xls; https://link.springer.com/article/10.1007/s10980-015-0325-y,2,https://static-content.springer.com/esm/art%3A10.1007%2Fs10980-015-0325-y/MediaObjects/10980_2015_325_MOESM1_ESM.xls,Yes,https://static-content.springer.com/esm/art%3A10.1007%2Fs10980-015-0325-y/MediaObjects/10980_2015_325_MOESM1_ESM.xls https://link.springer.com/article/10.1007/s10980-015-0325-y,https://static-content.springer.com/esm/art%3A10.1007%2Fs10980-015-0325-y/MediaObjects/10980_2015_325_MOESM1_ESM.xls; https://link.springer.com/article/10.1007/s10980-015-0325-y,2,https://static-content.springer.com/esm/art%3A10.1007%2Fs10980-015-0325-y/MediaObjects/10980_2015_325_MOESM1_ESM.xls,No,NA,,0,NA,NA,effect_size_sign_accounted; inferential_statistics
MA_028,Yes,Yes,https://link.springer.com/article/10.1007/s10980-015-0325-y - Supplementary file (Excel),https://link.springer.com/article/10.1007/s10980-015-0325-y,1,https://link.springer.com/article/10.1007/s10980-015-0325-y,Yes,https://link.springer.com/article/10.1007/s10980-015-0325-y - Supplementary file (Excel),https://link.springer.com/article/10.1007/s10980-015-0325-y,1,https://link.springer.com/article/10.1007/s10980-015-0325-y,No,NA,,0,NA,used R,effect_size_sign_accounted; inferential_statistics
MA_029,No,No,NA,,0,NA,No,NA,,0,NA,No,NA,,0,NA,NA,effect_size_sign_accounted; inferential_statistics; processed_data_shared; raw_data_shared; data_shared; code_shared
MA_029,Yes,Yes,https://hdl.handle.net/11299/208786,https://hdl.handle.net/11299/208786,1,https://hdl.handle.net/11299/208786,Yes,https://hdl.handle.net/11299/208786,https://hdl.handle.net/11299/208786,1,https://hdl.handle.net/11299/208786,Yes,https://hdl.handle.net/11299/208786,https://hdl.handle.net/11299/208786,1,https://hdl.handle.net/11299/208786,In this case - raw and processed data are the same i beelive as there are no computed effected sizes etc.,effect_size_sign_accounted; inferential_statistics; processed_data_shared; raw_data_shared; data_shared; code_shared
MA_030,Yes,Yes,https://datadryad.org/dataset/doi:10.5061/dryad.59kv753,https://datadryad.org/dataset/doi:10.5061/dryad.59kv753,1,https://datadryad.org/dataset/doi:10.5061/dryad.59kv753,Yes,https://datadryad.org/dataset/doi:10.5061/dryad.59kv753,https://datadryad.org/dataset/doi:10.5061/dryad.59kv753,1,https://datadryad.org/dataset/doi:10.5061/dryad.59kv753,Yes,https://datadryad.org/dataset/doi:10.5061/dryad.59kv753,https://datadryad.org/dataset/doi:10.5061/dryad.59kv753,1,https://datadryad.org/dataset/doi:10.5061/dryad.59kv753,NA,effect_size_sign_accounted; inferential_statistics; raw_data_shared
MA_030,Yes,Yes,https://datadryad.org/dataset/doi:10.5061/dryad.59kv753,https://datadryad.org/dataset/doi:10.5061/dryad.59kv753,1,https://datadryad.org/dataset/doi:10.5061/dryad.59kv753,No,NA,,0,NA,Yes,https://datadryad.org/dataset/doi:10.5061/dryad.59kv753,https://datadryad.org/dataset/doi:10.5061/dryad.59kv753,1,https://datadryad.org/dataset/doi:10.5061/dryad.59kv753,NA,effect_size_sign_accounted; inferential_statistics; raw_data_shared
MA_031,Yes,No,NA,https://doi.org/10.5061/dryad.kj67m68,1,https://doi.org/10.5061/dryad.kj67m68,Yes,"""The complete database is deposited in Dryad under https ://doi.org/10.5061/d ryad.kj67m68.""",https://doi.org/10.5061/d,1,https://doi.org/10.5061/d,No,NA,NA,0,NA,NA,effect_size_sign_accounted
MA_031,Yes,No,NA,,0,NA,Yes,https://datadryad.org/dataset/doi:10.5061/dryad.kj67m68,https://datadryad.org/dataset/doi:10.5061/dryad.kj67m68,1,https://datadryad.org/dataset/doi:10.5061/dryad.kj67m68,No,NA,,0,NA,NA,effect_size_sign_accounted
MA_032,No,No,NA,,0,NA,No,NA,,0,NA,No,NA,,0,NA,NA,effect_size_sign_accounted; inferential_statistics
MA_032,No,No,NA,,0,NA,No,NA,,0,NA,No,NA,,0,NA,NA,effect_size_sign_accounted; inferential_statistics
MA_033,Yes,No,NA,,0,NA,Yes,https://figshare.com/articles/dataset/Tomasetto_et_al_2019_Ecology_Letters_-_Global_NAR_meta-analysis/7763570?file=14526980,https://figshare.com/articles/dataset/Tomasetto_et_al_2019_Ecology_Letters_-_Global_NAR_meta-analysis/7763570?file=14526980,1,https://figshare.com/articles/dataset/Tomasetto_et_al_2019_Ecology_Letters_-_Global_NAR_meta-analysis/7763570?file=14526980,No,NA,,0,NA,NA,effect_size_sign_accounted; inferential_statistics; processed_data_shared; raw_data_shared
MA_033,Yes,Yes,https://doi.org/ 10.6084/m9.figshare.7763570,https://doi.org/10.6084/m9.figshare.7763570,1,https://doi.org/10.6084/m9.figshare.7763570,No,NA,,0,NA,No,NA,,0,NA,NA,effect_size_sign_accounted; inferential_statistics; processed_data_shared; raw_data_shared
MA_034,Yes,No,NA,,0,NA,Yes,https://datadryad.org/dataset/doi:10.5061/dryad.1756f,https://datadryad.org/dataset/doi:10.5061/dryad.1756f,1,https://datadryad.org/dataset/doi:10.5061/dryad.1756f,No,NA,,0,NA,NA,effect_size_sign_accounted; inferential_statistics
MA_034,Yes,No,NA,,0,NA,Yes,http://doi.org/10.5061/dryad.1756f,http://doi.org/10.5061/dryad.1756f,1,https://http://doi.org/10.5061/dryad.1756f,No,NA,,0,NA,NA,effect_size_sign_accounted; inferential_statistics
MA_035,No,No,NA,,0,NA,No,NA,,0,NA,No,NA,,0,NA,NA,effect_size_sign_accounted; inferential_statistics; processed_data_shared; raw_data_shared; data_shared; code_shared
MA_035,Yes,Yes,https://github.com/DochtermannLab/BehavioralHeritability/blob/master/Compiled2.csv,https://github.com/DochtermannLab/BehavioralHeritability/blob/master/Compiled2.csv,1,https://github.com/DochtermannLab/BehavioralHeritability/blob/master/Compiled2.csv,Yes,https://github.com/DochtermannLab/BehavioralHeritability/blob/master/Compiled2.csv,https://github.com/DochtermannLab/BehavioralHeritability/blob/master/Compiled2.csv,1,https://github.com/DochtermannLab/BehavioralHeritability/blob/master/Compiled2.csv,Yes,GitHub (github.com/DochtermannLab/BehavioralHeritability) and archived online at Dryad (https://doi.org/10.5061/dryad.b38k42m).,https://doi.org/10.5061/dryad.b38k42m),1,https://doi.org/10.5061/dryad.b38k42m),NA,effect_size_sign_accounted; inferential_statistics; processed_data_shared; raw_data_shared; data_shared; code_shared
MA_036,Yes,No,NA,,0,NA,Yes,https://hdl.handle.net/10411/41KALW,https://hdl.handle.net/10411/41KALW,1,https://hdl.handle.net/10411/41KALW,No,NA,,0,NA,Not a lot of info on the analyses; data are available but not the effect size etc.,
MA_036,Yes,No,NA,,0,NA,Yes,https://hdl.handle.net/10411/41KALW,https://hdl.handle.net/10411/41KALW,1,https://hdl.handle.net/10411/41KALW,No,NA,,0,NA,The dataset available via the link appears to just have input data. No lnRR estimates or sampling error.,
MA_037,Yes,Yes,https://rs.figshare.com/articles/dataset/Correlations_for_meta-analysis_from_How_general_is_cognitive_ability_in_non-human_animals_A_meta-analytical_and_multi-level_reanalysis_approach/13336613?backTo=%2Fcollections%2FSupplementary_material_from_How_general_is_cognitive_ability_in_non-human_animals_A_meta-analytical_and_multi-level_reanalysis_approach_%2F5230301&file=25689131,https://rs.figshare.com/articles/dataset/Correlations_for_meta-analysis_from_How_general_is_cognitive_ability_in_non-human_animals_A_meta-analytical_and_multi-level_reanalysis_approach/13336613?backTo=%2Fcollections%2FSupplementary_material_from_How_general_is_cognitive_ability_in_non-human_animals_A_meta-analytical_and_multi-level_reanalysis_approach_%2F5230301&file=25689131,1,https://rs.figshare.com/articles/dataset/Correlations_for_meta-analysis_from_How_general_is_cognitive_ability_in_non-human_animals_A_meta-analytical_and_multi-level_reanalysis_approach/13336613?backTo=%2Fcollections%2FSupplementary_material_from_How_general_is_cognitive_ability_in_non-human_animals_A_meta-analytical_and_multi-level_reanalysis_approach_%2F5230301&file=25689131,Yes,https://rs.figshare.com/articles/dataset/Summary_for_meta-analysis_from_How_general_is_cognitive_ability_in_non-human_animals_A_meta-analytical_and_multi-level_reanalysis_approach/13336604?backTo=%2Fcollections%2FSupplementary_material_from_How_general_is_cognitive_ability_in_non-human_animals_A_meta-analytical_and_multi-level_reanalysis_approach_%2F5230301&file=25689122,https://rs.figshare.com/articles/dataset/Summary_for_meta-analysis_from_How_general_is_cognitive_ability_in_non-human_animals_A_meta-analytical_and_multi-level_reanalysis_approach/13336604?backTo=%2Fcollections%2FSupplementary_material_from_How_general_is_cognitive_ability_in_non-human_animals_A_meta-analytical_and_multi-level_reanalysis_approach_%2F5230301&file=25689122,1,https://rs.figshare.com/articles/dataset/Summary_for_meta-analysis_from_How_general_is_cognitive_ability_in_non-human_animals_A_meta-analytical_and_multi-level_reanalysis_approach/13336604?backTo=%2Fcollections%2FSupplementary_material_from_How_general_is_cognitive_ability_in_non-human_animals_A_meta-analytical_and_multi-level_reanalysis_approach_%2F5230301&file=25689122,Yes,https://rs.figshare.com/articles/dataset/Code_for_case_study_analysis_from_How_general_is_cognitive_ability_in_non-human_animals_A_meta-analytical_and_multi-level_reanalysis_approach/13336610?backTo=%2Fcollections%2FSupplementary_material_from_How_general_is_cognitive_ability_in_non-human_animals_A_meta-analytical_and_multi-level_reanalysis_approach_%2F5230301&file=25689128,https://rs.figshare.com/articles/dataset/Code_for_case_study_analysis_from_How_general_is_cognitive_ability_in_non-human_animals_A_meta-analytical_and_multi-level_reanalysis_approach/13336610?backTo=%2Fcollections%2FSupplementary_material_from_How_general_is_cognitive_ability_in_non-human_animals_A_meta-analytical_and_multi-level_reanalysis_approach_%2F5230301&file=25689128,1,https://rs.figshare.com/articles/dataset/Code_for_case_study_analysis_from_How_general_is_cognitive_ability_in_non-human_animals_A_meta-analytical_and_multi-level_reanalysis_approach/13336610?backTo=%2Fcollections%2FSupplementary_material_from_How_general_is_cognitive_ability_in_non-human_animals_A_meta-analytical_and_multi-level_reanalysis_approach_%2F5230301&file=25689128,NA,effect_size_sign_accounted; inferential_statistics; processed_data_shared
MA_037,Yes,No,NA,NA,0,NA,Yes,https://rs.figshare.com/articles/dataset/Correlations_for_meta-analysis_from_How_general_is_cognitive_ability_in_non-human_animals_A_meta-analytical_and_multi-level_reanalysis_approach/13336613?backTo=%2Fcollections%2FSupplementary_material_from_How_general_is_cognitive_ability_in_non-human_animals_A_meta-analytical_and_multi-level_reanalysis_approach_%2F5230301&file=25689131; https://rs.figshare.com/articles/dataset/Summary_for_meta-analysis_from_How_general_is_cognitive_ability_in_non-human_animals_A_meta-analytical_and_multi-level_reanalysis_approach/13336604?backTo=%2Fcollections%2FSupplementary_material_from_How_general_is_cognitive_ability_in_non-human_animals_A_meta-analytical_and_multi-level_reanalysis_approach_%2F5230301&file=25689122,https://rs.figshare.com/articles/dataset/Correlations_for_meta-analysis_from_How_general_is_cognitive_ability_in_non-human_animals_A_meta-analytical_and_multi-level_reanalysis_approach/13336613?backTo=%2Fcollections%2FSupplementary_material_from_How_general_is_cognitive_ability_in_non-human_animals_A_meta-analytical_and_multi-level_reanalysis_approach_%2F5230301&file=25689131; https://rs.figshare.com/articles/dataset/Summary_for_meta-analysis_from_How_general_is_cognitive_ability_in_non-human_animals_A_meta-analytical_and_multi-level_reanalysis_approach/13336604?backTo=%2Fcollections%2FSupplementary_material_from_How_general_is_cognitive_ability_in_non-human_animals_A_meta-analytical_and_multi-level_reanalysis_approach_%2F5230301&file=25689122,2,https://rs.figshare.com/articles/dataset/Correlations_for_meta-analysis_from_How_general_is_cognitive_ability_in_non-human_animals_A_meta-analytical_and_multi-level_reanalysis_approach/13336613?backTo=%2Fcollections%2FSupplementary_material_from_How_general_is_cognitive_ability_in_non-human_animals_A_meta-analytical_and_multi-level_reanalysis_approach_%2F5230301&file=25689131,Yes,https://rs.figshare.com/articles/dataset/Code_for_case_study_analysis_from_How_general_is_cognitive_ability_in_non-human_animals_A_meta-analytical_and_multi-level_reanalysis_approach/13336610?backTo=%2Fcollections%2FSupplementary_material_from_How_general_is_cognitive_ability_in_non-human_animals_A_meta-analytical_and_multi-level_reanalysis_approach_%2F5230301&file=25689128,https://rs.figshare.com/articles/dataset/Code_for_case_study_analysis_from_How_general_is_cognitive_ability_in_non-human_animals_A_meta-analytical_and_multi-level_reanalysis_approach/13336610?backTo=%2Fcollections%2FSupplementary_material_from_How_general_is_cognitive_ability_in_non-human_animals_A_meta-analytical_and_multi-level_reanalysis_approach_%2F5230301&file=25689128,1,https://rs.figshare.com/articles/dataset/Code_for_case_study_analysis_from_How_general_is_cognitive_ability_in_non-human_animals_A_meta-analytical_and_multi-level_reanalysis_approach/13336610?backTo=%2Fcollections%2FSupplementary_material_from_How_general_is_cognitive_ability_in_non-human_animals_A_meta-analytical_and_multi-level_reanalysis_approach_%2F5230301&file=25689128,NA,effect_size_sign_accounted; inferential_statistics; processed_data_shared
MA_038,Yes,No,NA,,0,NA,Yes,https://onlinelibrary.wiley.com/action/downloadSupplement?doi=10.1111%2Fjbi.13791&file=jbi13791-sup-0004-Appendixdata.xlsx,https://onlinelibrary.wiley.com/action/downloadSupplement?doi=10.1111%2Fjbi.13791&file=jbi13791-sup-0004-Appendixdata.xlsx,1,https://onlinelibrary.wiley.com/action/downloadSupplement?doi=10.1111%2Fjbi.13791&file=jbi13791-sup-0004-Appendixdata.xlsx,No,NA,,0,NA,"Raw Data, missing some values, so assumed not processed",inferential_statistics
MA_038,Yes,No,NA,,0,NA,Yes,https://datadryad.org/dataset/doi:10.5061/dryad.j6q573n8q,https://datadryad.org/dataset/doi:10.5061/dryad.j6q573n8q,1,https://datadryad.org/dataset/doi:10.5061/dryad.j6q573n8q,No,NA,,0,NA,NA,inferential_statistics
MA_039,Yes,Yes,https://onlinelibrary.wiley.com/doi/10.1111/gcb.14970,https://onlinelibrary.wiley.com/doi/10.1111/gcb.14970,1,https://onlinelibrary.wiley.com/doi/10.1111/gcb.14970,Yes,https://onlinelibrary.wiley.com/doi/10.1111/gcb.14970,https://onlinelibrary.wiley.com/doi/10.1111/gcb.14970,1,https://onlinelibrary.wiley.com/doi/10.1111/gcb.14970,No,NA,,0,NA,Appendix: gcb14970-sup-0002-AppendixDatasetS1.xlsx,effect_size_sign_accounted; inferential_statistics; raw_data_shared
MA_039,Yes,Yes,https://onlinelibrary.wiley.com/action/downloadSupplement?doi=10.1111%2Fgcb.14970&file=gcb14970-sup-0002-AppendixDatasetS1.xlsx,https://onlinelibrary.wiley.com/action/downloadSupplement?doi=10.1111%2Fgcb.14970&file=gcb14970-sup-0002-AppendixDatasetS1.xlsx,1,https://onlinelibrary.wiley.com/action/downloadSupplement?doi=10.1111%2Fgcb.14970&file=gcb14970-sup-0002-AppendixDatasetS1.xlsx,No,NA,,0,NA,No,NA,,0,NA,NA,effect_size_sign_accounted; inferential_statistics; raw_data_shared
MA_040,No,No,NA,,0,NA,No,NA,,0,NA,No,NA,,0,NA,some data are accessible in appendix 2 http://www.ecography.org/appendix/ecog-02380,NA
MA_041,Yes,Yes,as a table in the main text,NA,0,https://doi.org/10.1002/ecs2.2354,Yes,as a table in the main text,NA,0,https://doi.org/10.1002/ecs2.2354,No,NA,NA,0,NA,NA,inferential_statistics; processed_data_shared; raw_data_shared; data_shared
MA_041,No,No,NA,,0,NA,No,NA,,0,NA,No,NA,,0,NA,NA,inferential_statistics; processed_data_shared; raw_data_shared; data_shared
MA_042,Yes,No,NA,NA,0,NA,Yes,"Underlying mortality data for all studies in Table 3, and survival rate in Table 2 of main text.",NA,0,http://doi.org/10.1002/jwmg.21456,No,NA,NA,0,NA,"Raw data is included for some but not all of the studies. Authors include survival rates for some of the studies, as well as numbers of mortality, but do not include calculated mortality rates (calculated effect size) for each study.",NA
MA_043,Yes,Yes,https://onlinelibrary.wiley.com/doi/10.1111/geb.12638,https://onlinelibrary.wiley.com/doi/10.1111/geb.12638,1,https://onlinelibrary.wiley.com/doi/10.1111/geb.12638,Yes,https://onlinelibrary.wiley.com/doi/10.1111/geb.12638,https://onlinelibrary.wiley.com/doi/10.1111/geb.12638,1,https://onlinelibrary.wiley.com/doi/10.1111/geb.12638,No,NA,,0,NA,NA,processed_data_shared; raw_data_shared; data_shared; RoB_assessment
MA_043,No,No,NA,,0,NA,No,NA,,0,NA,No,NA,,0,NA,NA,processed_data_shared; raw_data_shared; data_shared; RoB_assessment
MA_044,Yes,No,NA,,0,NA,Yes,As supp material. https://onlinelibrary.wiley.com/doi/full/10.1111/gcb.14933,https://onlinelibrary.wiley.com/doi/full/10.1111/gcb.14933,1,https://onlinelibrary.wiley.com/doi/full/10.1111/gcb.14933,No,NA,,0,NA,NA,NA
MA_045,No,No,NA,,0,NA,No,NA,,0,NA,No,NA,,0,NA,"The authors shared an Excel sheet, but it does not contain any numerical data—only categorizations of the data (i.e., one could argue it is a form of metadata).",effect_size_sign_accounted; inferential_statistics
MA_045,No,No,NA,,0,NA,No,NA,,0,NA,No,NA,,0,NA,NA,effect_size_sign_accounted; inferential_statistics
MA_046,Yes,No,NA,,0,NA,Yes,SI material: https://onlinelibrary.wiley.com/doi/10.1111/gcb.14163,https://onlinelibrary.wiley.com/doi/10.1111/gcb.14163,1,https://onlinelibrary.wiley.com/doi/10.1111/gcb.14163,No,NA,,0,NA,used Metawin,effect_size_sign_accounted; inferential_statistics; raw_data_shared; data_shared
MA_046,No,No,NA,,0,NA,No,NA,,0,NA,No,NA,,0,NA,NA,effect_size_sign_accounted; inferential_statistics; raw_data_shared; data_shared
MA_048,No,No,NA,,0,NA,No,NA,,0,NA,No,NA,,0,NA,NA,inferential_statistics; processed_data_shared; raw_data_shared; data_shared
MA_048,Yes,Yes,https://onlinelibrary.wiley.com/action/downloadSupplement?doi=10.1111%2Fgcb.14023&file=gcb14023-sup-0005-TableS3.csv,https://onlinelibrary.wiley.com/action/downloadSupplement?doi=10.1111%2Fgcb.14023&file=gcb14023-sup-0005-TableS3.csv,1,https://onlinelibrary.wiley.com/action/downloadSupplement?doi=10.1111%2Fgcb.14023&file=gcb14023-sup-0005-TableS3.csv,Yes,https://onlinelibrary.wiley.com/action/downloadSupplement?doi=10.1111%2Fgcb.14023&file=gcb14023-sup-0005-TableS3.csv,https://onlinelibrary.wiley.com/action/downloadSupplement?doi=10.1111%2Fgcb.14023&file=gcb14023-sup-0005-TableS3.csv,1,https://onlinelibrary.wiley.com/action/downloadSupplement?doi=10.1111%2Fgcb.14023&file=gcb14023-sup-0005-TableS3.csv,No,NA,,0,NA,NA,inferential_statistics; processed_data_shared; raw_data_shared; data_shared
MA_049,No,No,NA,,0,NA,No,NA,,0,NA,No,NA,,0,NA,"The authors shared a table in a Word document, but it does not contain any numerical data—only categorizations of the data (i.e., one could argue it is a form of metadata).",inferential_statistics
MA_049,No,No,NA,,0,NA,No,NA,,0,NA,No,NA,,0,NA,NA,inferential_statistics
MA_050,Yes,Yes,https://datadryad.org/dataset/doi:10.5061/dryad.2ng06,https://datadryad.org/dataset/doi:10.5061/dryad.2ng06,1,https://datadryad.org/dataset/doi:10.5061/dryad.2ng06,Yes,https://datadryad.org/dataset/doi:10.5061/dryad.2ng06,https://datadryad.org/dataset/doi:10.5061/dryad.2ng06,1,https://datadryad.org/dataset/doi:10.5061/dryad.2ng06,No,NA,NA,0,NA,NA,effect_size_sign_accounted; processed_data_shared; RoB_assessment
MA_050,Yes,No,NA,NA,0,NA,Yes,https://datadryad.org/dataset/doi:10.5061/dryad.2ng06,https://datadryad.org/dataset/doi:10.5061/dryad.2ng06,1,https://datadryad.org/dataset/doi:10.5061/dryad.2ng06,No,NA,NA,0,NA,NA,effect_size_sign_accounted; processed_data_shared; RoB_assessment
MA_051,Yes,Yes,https://onlinelibrary.wiley.com/action/downloadSupplement?doi=10.1111%2Fgeb.13028&file=geb13028-sup-0002-AppendixTableS1-S2.docx,https://onlinelibrary.wiley.com/action/downloadSupplement?doi=10.1111%2Fgeb.13028&file=geb13028-sup-0002-AppendixTableS1-S2.docx,1,https://onlinelibrary.wiley.com/action/downloadSupplement?doi=10.1111%2Fgeb.13028&file=geb13028-sup-0002-AppendixTableS1-S2.docx,No,NA,NA,0,NA,No,NA,NA,0,NA,NA,effect_size_sign_accounted; inferential_statistics; processed_data_shared; raw_data_shared
MA_051,Yes,No,NA,,0,NA,Yes,https://datadryad.org/dataset/doi:10.5061/dryad.xksn02vbc,https://datadryad.org/dataset/doi:10.5061/dryad.xksn02vbc,1,https://datadryad.org/dataset/doi:10.5061/dryad.xksn02vbc,No,NA,,0,NA,NA,effect_size_sign_accounted; inferential_statistics; processed_data_shared; raw_data_shared
MA_052,No,No,NA,,0,NA,No,NA,,0,NA,No,NA,,0,NA,NA,NA
MA_053,No,No,NA,,0,NA,No,NA,,0,NA,No,NA,,0,NA,NA,effect_size_sign_accounted; inferential_statistics; raw_data_shared; data_shared
MA_053,Yes,No,NA,,0,NA,Yes,http://dx.doi.org/10.5061/dryad.g2fd2,http://dx.doi.org/10.5061/dryad.g2fd2,1,https://http://dx.doi.org/10.5061/dryad.g2fd2,No,NA,,0,NA,"They processed data for analyses but this data is not provided (raw data is, but does not not which type of r was extracted): ""Therefore, we converted correlation coefficients to Fisher’s z scores and performed analyses using transformed values.""",effect_size_sign_accounted; inferential_statistics; raw_data_shared; data_shared
MA_054,Yes,Yes,https://github.com/afilazzola/grazing.meta,https://github.com/afilazzola/grazing.meta,1,https://github.com/afilazzola/grazing.meta,Yes,https://github.com/afilazzola/grazing.meta; https://figshare.com/articles/dataset/A_synthesis_of_the_effects_of_livestock_grazing_on_biodiversity_from_studies_across_the_world/12075009/1,https://github.com/afilazzola/grazing.meta; https://figshare.com/articles/dataset/A_synthesis_of_the_effects_of_livestock_grazing_on_biodiversity_from_studies_across_the_world/12075009/1,2,https://figshare.com/articles/dataset/A_synthesis_of_the_effects_of_livestock_grazing_on_biodiversity_from_studies_across_the_world/12075009/1,Yes,https://github.com/afilazzola/grazing.meta,https://github.com/afilazzola/grazing.meta,1,https://github.com/afilazzola/grazing.meta,NA,effect_size_sign_accounted
MA_054,Yes,Yes,https://github.com/afilazzola/grazing.meta,https://github.com/afilazzola/grazing.meta,1,https://github.com/afilazzola/grazing.meta,Yes,https://figshare.com/articles/dataset/A_synthesis_of_the_effects_of_livestock_grazing_on_biodiversity_from_studies_across_the_world/12075009/1,https://figshare.com/articles/dataset/A_synthesis_of_the_effects_of_livestock_grazing_on_biodiversity_from_studies_across_the_world/12075009/1,1,https://figshare.com/articles/dataset/A_synthesis_of_the_effects_of_livestock_grazing_on_biodiversity_from_studies_across_the_world/12075009/1,Yes,https://github.com/afilazzola/grazing.meta,https://github.com/afilazzola/grazing.meta,1,https://github.com/afilazzola/grazing.meta,NA,effect_size_sign_accounted
MA_055,Yes,No,NA,NA,0,NA,Yes,https://www.ecography.org/appendix/ecog-03926,https://www.ecography.org/appendix/ecog-03926,1,https://www.ecography.org/appendix/ecog-03926,No,NA,NA,0,NA,"the moderators are available, but not the effect sizes, only means, se and sample size",effect_size_sign_accounted; RoB_assessment
MA_055,Yes,No,NA,,0,NA,Yes,https://datadryad.org/dataset/doi:10.5061/dryad.173r3j7,https://datadryad.org/dataset/doi:10.5061/dryad.173r3j7,1,https://datadryad.org/dataset/doi:10.5061/dryad.173r3j7,No,NA,,0,NA,NA,effect_size_sign_accounted; RoB_assessment
MA_056,No,No,NA,,0,NA,No,NA,,0,NA,No,NA,,0,NA,NA,effect_size_sign_accounted
MA_056,No,No,NA,,0,NA,No,NA,,0,NA,No,NA,,0,NA,NA,effect_size_sign_accounted
MA_057,No,No,NA,,0,NA,No,NA,,0,NA,No,NA,,0,NA,NA,inferential_statistics
MA_057,No,No,NA,,0,NA,No,NA,,0,NA,No,NA,,0,NA,"""The data that support the findings of this study are available from the corresponding author upon reasonable request.""",inferential_statistics
MA_058,Yes,No,NA,,0,NA,Yes,https://datadryad.org/downloads/file_stream/53057,https://datadryad.org/downloads/file_stream/53057,1,https://datadryad.org/downloads/file_stream/53057,No,NA,,0,NA,NA,effect_size_sign_accounted; RoB_assessment
MA_058,Yes,No,NA,NA,0,NA,Yes,https://datadryad.org/dataset/doi:10.5061/dryad.b2t08b6,https://datadryad.org/dataset/doi:10.5061/dryad.b2t08b6,1,https://datadryad.org/dataset/doi:10.5061/dryad.b2t08b6,No,NA,NA,0,NA,NA,effect_size_sign_accounted; RoB_assessment
MA_059,Yes,Yes,https://doi.org/10.5281/zenodo.439109,https://doi.org/10.5281/zenodo.439109,1,https://doi.org/10.5281/zenodo.439109,Yes,https://doi.org/10.5281/zenodo.439109,https://doi.org/10.5281/zenodo.439109,1,https://doi.org/10.5281/zenodo.439109,Yes,https://doi.org/10.5281/zenodo.439109,https://doi.org/10.5281/zenodo.439109,1,https://doi.org/10.5281/zenodo.439109,NA,effect_size_sign_accounted
MA_059,Yes,Yes,https://zenodo.org/records/439109,https://zenodo.org/records/439109,1,https://zenodo.org/records/439109,Yes,https://zenodo.org/records/439109,https://zenodo.org/records/439109,1,https://zenodo.org/records/439109,Yes,https://zenodo.org/records/439109,https://zenodo.org/records/439109,1,https://zenodo.org/records/439109,NA,effect_size_sign_accounted
MA_060,No,No,NA,,0,NA,No,NA,,0,NA,No,NA,,0,NA,Some data reported but incomplete https://www.sciencedirect.com/science/article/pii/S0925857420300781,
MA_060,No,No,NA,,0,NA,No,NA,,0,NA,No,NA,,0,NA,"""Data availability Original data set and analysis script available from authors upon request.""",
MA_061,Yes,No,NA,,0,NA,Yes,https ://doi.org/10.15131/ shef. data.11590902.v1,https://doi.org/10.15131/,1,https://doi.org/10.15131/,No,NA,,0,NA,NA,effect_size_sign_accounted; RoB_assessment
MA_061,Yes,No,NA,,0,NA,Yes,https://orda.shef.ac.uk/articles/dataset/Data_for_paper_Mass-abundance_scaling_in_avian_communities_is_maintained_after_tropical_selective_logging_/11590902/1?file=20948712,https://orda.shef.ac.uk/articles/dataset/Data_for_paper_Mass-abundance_scaling_in_avian_communities_is_maintained_after_tropical_selective_logging_/11590902/1?file=20948712,1,https://orda.shef.ac.uk/articles/dataset/Data_for_paper_Mass-abundance_scaling_in_avian_communities_is_maintained_after_tropical_selective_logging_/11590902/1?file=20948712,No,NA,,0,NA,NA,effect_size_sign_accounted; RoB_assessment
MA_062,No,No,NA,,0,NA,No,NA,,0,NA,No,NA,,0,NA,"The paper states that the data is available at https://figsh are.com/s/8ebfa bf329 c09de 0277e, but it's ""privately shared"" (need to send email to authors to access it)",effect_size_sign_accounted
MA_062,No,No,NA,,0,NA,No,NA,,0,NA,No,NA,,0,NA,They state sharing the data but there is no data there: https://figshare.com/s/8ebfabf329c09de0277e,effect_size_sign_accounted
MA_063,No,No,NA,,0,NA,No,NA,,0,NA,No,NA,,0,NA,NA,
MA_063,No,No,NA,,0,NA,No,NA,,0,NA,No,NA,,0,NA,NA,
MA_064,No,No,NA,http://dx.doi.org/10.1016/j.agee.2015.09.030,1,https://http://dx.doi.org/10.1016/j.agee.2015.09.030,No,NA,NA,0,NA,No,NA,NA,0,NA,NA,processed_data_shared; data_shared
MA_064,Yes,Yes,https://www.sciencedirect.com/science/article/pii/S0167880915300943#sec0100,https://www.sciencedirect.com/science/article/pii/S0167880915300943#sec0100,1,https://www.sciencedirect.com/science/article/pii/S0167880915300943#sec0100,No,NA,,0,NA,No,NA,,0,NA,I think the processed data is in Appendix 1 and which was used for the meta-analysis - although it is very difficult to tell.,processed_data_shared; data_shared
MA_065,Yes,Yes,https://doi.org/10.6084/m9.figshare.4958687,https://doi.org/10.6084/m9.figshare.4958687,1,https://doi.org/10.6084/m9.figshare.4958687,Yes,https://doi.org/10.6084/m9.figshare.4958687,https://doi.org/10.6084/m9.figshare.4958687,1,https://doi.org/10.6084/m9.figshare.4958687,No,NA,,0,NA,"From what I see they have shared processed data as you call it (e.g. moderators), but without the effect size calculated. However I guess this can be calculated form the row data.",effect_size_sign_accounted; processed_data_shared
MA_065,Yes,No,NA,,0,NA,Yes,https://figshare.com/articles/dataset/Dataset_for_Plant_diversity_and_water_quality_in_wetlands_a_meta-analysis/4958687?file=8339831,https://figshare.com/articles/dataset/Dataset_for_Plant_diversity_and_water_quality_in_wetlands_a_meta-analysis/4958687?file=8339831,1,https://figshare.com/articles/dataset/Dataset_for_Plant_diversity_and_water_quality_in_wetlands_a_meta-analysis/4958687?file=8339831,No,NA,,0,NA,NA,effect_size_sign_accounted; processed_data_shared
MA_066,No,No,NA,,0,NA,No,NA,,0,NA,No,NA,,0,NA,NA,
MA_066,No,No,NA,,0,NA,No,NA,,0,NA,No,NA,,0,NA,NA,
MA_067,No,No,NA,,0,NA,No,NA,,0,NA,No,NA,,0,NA,NA,processed_data_shared; data_shared
MA_067,Yes,Yes,https://onlinelibrary.wiley.com/action/downloadSupplement?doi=10.1111%2Fgcb.13837&file=gcb13837-sup-0001-SupInfo.docx,https://onlinelibrary.wiley.com/action/downloadSupplement?doi=10.1111%2Fgcb.13837&file=gcb13837-sup-0001-SupInfo.docx,1,https://onlinelibrary.wiley.com/action/downloadSupplement?doi=10.1111%2Fgcb.13837&file=gcb13837-sup-0001-SupInfo.docx,No,NA,,0,NA,No,NA,,0,NA,NA,processed_data_shared; data_shared
MA_068,Yes,Yes,https://onlinelibrary.wiley.com/action/downloadSupplement?doi=10.1111%2Fele.13095&file=ele13095-sup-0002-TableS1.xlsx,https://onlinelibrary.wiley.com/action/downloadSupplement?doi=10.1111%2Fele.13095&file=ele13095-sup-0002-TableS1.xlsx,1,https://onlinelibrary.wiley.com/action/downloadSupplement?doi=10.1111%2Fele.13095&file=ele13095-sup-0002-TableS1.xlsx,Yes,https://onlinelibrary.wiley.com/action/downloadSupplement?doi=10.1111%2Fele.13095&file=ele13095-sup-0002-TableS1.xlsx,https://onlinelibrary.wiley.com/action/downloadSupplement?doi=10.1111%2Fele.13095&file=ele13095-sup-0002-TableS1.xlsx,1,https://onlinelibrary.wiley.com/action/downloadSupplement?doi=10.1111%2Fele.13095&file=ele13095-sup-0002-TableS1.xlsx,No,NA,,0,NA,NA,NA
MA_069,No,No,NA,,0,NA,No,NA,,0,NA,No,NA,,0,NA,I could not access the supplementary materials so could not check them for data. so not sure if my answers are correct,NA
MA_070,Yes,Yes,Table S1 in Supporting Information (https://onlinelibrary.wiley.com/doi/full/10.1002/eco.1934),https://onlinelibrary.wiley.com/doi/full/10.1002/eco.1934),1,https://onlinelibrary.wiley.com/doi/full/10.1002/eco.1934),No,NA,,0,NA,No,NA,,0,NA,NA,effect_size_sign_accounted; processed_data_shared; data_shared
MA_070,No,No,NA,,0,NA,No,NA,,0,NA,No,NA,,0,NA,NA,effect_size_sign_accounted; processed_data_shared; data_shared
MA_071,Yes,Yes,https://datadryad.org/dataset/doi:10.5061/dryad.8kt4675,https://datadryad.org/dataset/doi:10.5061/dryad.8kt4675,1,https://datadryad.org/dataset/doi:10.5061/dryad.8kt4675,Yes,https://datadryad.org/dataset/doi:10.5061/dryad.8kt4675,https://datadryad.org/dataset/doi:10.5061/dryad.8kt4675,1,https://datadryad.org/dataset/doi:10.5061/dryad.8kt4675,No,NA,,0,NA,NA,effect_size_sign_accounted
MA_071,Yes,Yes,https://doi.org/10.5061/dryad.8kt4675; https://besjournals.onlinelibrary.wiley.com/doi/full/10.1111/1365-2656.12972,https://doi.org/10.5061/dryad.8kt4675; https://besjournals.onlinelibrary.wiley.com/doi/full/10.1111/1365-2656.12972,2,https://doi.org/10.5061/dryad.8kt4675,Yes,https://doi.org/10.5061/dryad.8kt4675; https://besjournals.onlinelibrary.wiley.com/doi/full/10.1111/1365-2656.12972,https://doi.org/10.5061/dryad.8kt4675; https://besjournals.onlinelibrary.wiley.com/doi/full/10.1111/1365-2656.12972,2,https://doi.org/10.5061/dryad.8kt4675,No,NA,,0,NA,"Larger dataset including input data for diet breadth on Dryad, a more limited dataset with calculated response variable only with paper as an appendix. The ""raw data"" already appears to have undergone some processing/standardisation, but includes extracted variables and sample sizes linked to references.",effect_size_sign_accounted
MA_072,Yes,Yes,https://datadryad.org/dataset/doi:10.5061/dryad.6rn80,https://datadryad.org/dataset/doi:10.5061/dryad.6rn80,1,https://datadryad.org/dataset/doi:10.5061/dryad.6rn80,No,NA,,0,NA,No,NA,,0,NA,NA,effect_size_sign_accounted
MA_072,Yes,Yes,http://dx.doi.org/10.5061/dryad.6rn80,http://dx.doi.org/10.5061/dryad.6rn80,1,https://http://dx.doi.org/10.5061/dryad.6rn80,No,NA,,0,NA,No,NA,,0,NA,NA,effect_size_sign_accounted
MA_073,No,No,NA,,0,NA,No,NA,,0,NA,No,NA,,0,NA,NA,
MA_073,No,No,NA,,0,NA,No,NA,,0,NA,No,NA,,0,NA,nothing about that to be found,
